strain	penA	mtrR	porB	ponA	gyrA	parC	23S	abcZ	adk	aroE	fumC	gdh	pdhC	pgm	POR	TBPB
31919_4_101.fasta	15.001	424	100	100	100	2	100	59	39	67	156	188	153	133	266	118
31919_4_12.fasta	22.001	15	100	100	100	7	100	59	39	762	111	188	71	223	7834	16
31919_4_16.fasta	2.001	39	11	100	7	4	100	126	39	67	238	148	153	133	908	267
31919_4_17.fasta	22.001	15	100	100	100	7	100	59	39	762	111	188	71	223	2	16
31919_4_25.fasta	5.002	122	1	1	7	3	100	126	-	170	111	146	153	65	2656	186
31919_4_29.fasta	2.001	414	3	100	100	100	100	126	39	67	238	147	153	133	6720	29
31919_4_33.fasta	15.001	142	100	100	100	2	100	59	39	67	156	188	153	133	1674	118
31919_4_37.fasta	15.001	18	1	100	100	2	100	59	39	67	78	149	153	65	2707	2264
31919_4_4.fasta	19.001	47	14	1	7	17	100	59	39	67	158	148	71	65	161	3058
31919_4_41.fasta	2.002	42	100	100	10	2	100	109	39	170	156	188	71	65	5853	241
31919_4_47.fasta	2.001	9	8	100	1	100	100	126	39	67	111	148	153	133	4	4
31919_4_51.fasta	9.001	1	8	1	100	2	100	109	39	67	111	148	153	65	14	33
31919_4_55.fasta	2.002	40	100	100	7	4	100	59	39	170	78	146	154	65	266	118
31919_4_59.fasta	2.001	40	13	100	7	4	100	59	39	170	78	148	154	65	90	165
31919_4_63.fasta	15.001	62	100	100	100	2	100	885	39	764	237	148	153	65	1257	6
31919_4_67.fasta	2.001	1	1	1	100	2	100	59	39	67	111	150	153	65	3642	3097
31919_4_71.fasta	22.001	178	100	100	100	2	100	109	320	170	156	188	71	65	1534	241
31919_4_76.fasta	14.001	130	3	100	100	2	100	59	39	67	157	148	153	65	8574	188
31919_4_8.fasta	19.015	47	14	1	7	17	100	59	39	67	158	148	71	65	161	3058
31919_4_80.fasta	2.001	9	1	100	100	100	100	126	39	170	238	734	153	133	1808	29
31919_4_84.fasta	5.002	122	14	1	7	3	100	126	39	170	111	148	153	65	5136	33
31919_4_88.fasta	10.001	25	49	1	2	5	100	59	39	67	78	148	153	65	-	10
31919_4_92.fasta	5.002	122	14	1	7	3	100	126	39	170	111	146	153	65	5136	3097
31919_4_96.fasta	22.001	25	35	100	100	1	100	59	39	67	78	1217	153	133	5061	5
31919_4_97.fasta	14.001	10	13	100	7	41	100	59	39	67	190	148	153	65	2034	1870